13/08/2013 00:00,13/08/2013 08:00,4.24E-16,45.00006072,B5_large,3.00E-16,3.00E-16,A4_large,3.00E-16,3.00E-16,4.24266E-16
13/08/2013 00:30,13/08/2013 08:30,0.212836599,339.9426006,,0.07873981,-0.214515535,,0.178346591,-0.274453127,0.228510115
13/08/2013 01:00,13/08/2013 09:00,0.255524015,333.0380502,,0.008580222,-0.017817919,,0.067098173,-0.11215464,0.019776209
13/08/2013 01:30,13/08/2013 09:30,0.404329975,331.4482085,,-0.119680333,0.375105305,,-0.295796473,0.458655639,0.393735154
13/08/2013 02:00,13/08/2013 10:00,0.609762316,332.030349,,-0.217632139,0.634651388,,-0.62550638,0.993007018,0.670929305
13/08/2013 02:30,13/08/2013 10:30,0.787460506,332.2647108,,-0.26844195,0.74783299,,-0.79037041,1.299537426,0.794553498
13/08/2013 03:00,13/08/2013 11:00,0.91457752,332.1108154,,-0.287294825,0.778257884,,-0.829428356,1.431943865,0.82959246
13/08/2013 03:30,13/08/2013 11:30,0.989988693,331.8146405,,-0.28934657,0.770851471,,-0.817418,1.47637678,0.823367128
13/08/2013 04:00,13/08/2013 12:00,1.015433309,331.4485532,,-0.281193837,0.742267134,,-0.786196391,1.470364498,0.793744589
13/08/2013 04:30,13/08/2013 12:30,0.994386306,331.1236936,,-0.263720971,0.692327682,,-0.735793068,1.415187288,0.740855161
13/08/2013 05:00,13/08/2013 13:00,0.932299382,330.7792026,,-0.236440644,0.616376671,,-0.659196144,1.304343686,0.660169962
13/08/2013 05:30,13/08/2013 13:30,0.835275981,330.4343884,,-0.199667287,0.511259262,,-0.552462367,1.137163608,0.548865246
13/08/2013 06:00,13/08/2013 14:00,0.708485457,329.9332493,,-0.154902017,0.375441556,,-0.415599586,0.919026913,0.406141598
13/08/2013 06:30,13/08/2013 14:30,0.554899224,328.832043,,-0.10461872,0.205868313,,-0.250613941,0.655758091,0.230926046
13/08/2013 07:00,13/08/2013 15:00,0.373935086,325.7534281,,-0.055276465,0,,-0.061387981,0.349639161,0.055276465
13/08/2013 07:30,13/08/2013 15:30,0.165697452,344.4847046,,0.013721519,-0.250964819,,0.144950208,-0.006361783,0.251339651
13/08/2013 08:00,13/08/2013 16:00,0.095328704,183.1939482,,0.067986043,-0.487485887,,0.338316395,-0.395440589,0.492203812
13/08/2013 08:30,13/08/2013 16:30,0.341530181,158.8727195,,0.112251488,-0.663165679,,0.472761092,-0.725599563,0.672598777
13/08/2013 09:00,13/08/2013 17:00,0.59290273,157.1900708,,0.14581697,-0.759070625,,0.586556063,-0.983075806,0.772949418
13/08/2013 09:30,13/08/2013 17:30,0.78677804,157.7152961,,0.163701451,-0.785030266,,0.676604253,-1.173523342,0.80191688
13/08/2013 10:00,13/08/2013 18:00,0.897788593,158.5607166,,0.16595853,-0.758688271,,0.714029044,-1.283895138,0.776627405
13/08/2013 10:30,13/08/2013 18:30,0.938083209,159.1683878,,0.156135412,-0.694283206,,0.688053163,-1.305484102,0.711623101
13/08/2013 11:00,13/08/2013 19:00,0.921642881,159.5211342,,0.137653584,-0.599834016,,0.606634277,-1.24327681,0.615426157
13/08/2013 11:30,13/08/2013 19:30,0.856874796,159.7390417,,0.112533921,-0.478341032,,0.483825036,-1.110592251,0.491400067
13/08/2013 12:00,13/08/2013 20:00,0.75009363,159.998627,,0.081162345,-0.330297517,,0.330879109,-0.923238387,0.340123178
13/08/2013 12:30,13/08/2013 20:30,0.606137496,160.6421973,,0.038758735,-0.157853021,,0.15391345,-0.69648561,0.162541736
13/08/2013 13:00,13/08/2013 21:00,0.428140895,162.7648336,,-0.027338947,0.031553283,,-0.478469474,0,0.041749583
13/08/2013 13:30,13/08/2013 21:30,0.221258986,173.2216792,,-0.095018971,0.222450238,,-0.383190036,0,0.241894013
13/08/2013 14:00,13/08/2013 22:00,0.083583076,287.3673113,,-0.147214955,0.397274324,,-0.331982349,0.174488427,0.423673378
13/08/2013 14:30,13/08/2013 22:30,0.312109923,324.742822,,-0.189291969,0.535450372,,-0.367976701,0.536533393,0.567924776
13/08/2013 15:00,13/08/2013 23:00,0.544575877,330.7901613,,-0.222885721,0.629413062,,-0.459816014,0.85598122,0.66771165
13/08/2013 15:30,13/08/2013 23:30,0.719331399,332.038321,,-0.2451093,0.68097118,,-0.574543628,1.063997997,0.723740504
13/08/2013 16:00,14/08/2013 00:00,0.826471226,332.1275972,,-0.254120799,0.694444581,,-0.648207887,1.178259015,0.739479991
13/08/2013 16:30,14/08/2013 00:30,0.870897849,331.8255621,,-0.249966234,0.67377053,,-0.665938719,1.21657663,0.71864445
13/08/2013 17:00,14/08/2013 01:00,0.861265219,331.42225,,-0.233678019,0.621824559,,-0.634380345,1.183135241,0.664282469
13/08/2013 17:30,14/08/2013 01:30,0.80586978,330.9720007,,-0.206708146,0.540518087,,-0.561560629,1.082198457,0.578695136
13/08/2013 18:00,14/08/2013 02:00,0.712384525,330.4885587,,-0.170721246,0.430679828,,-0.453457295,0.921313691,0.463282698
13/08/2013 18:30,14/08/2013 02:30,0.587311171,329.7781255,,-0.127581065,0.291268037,,-0.314304233,0.708450287,0.317984273
13/08/2013 19:00,14/08/2013 03:00,0.43423658,328.18482,,-0.079282558,0.118010303,,-0.146940359,0.447745783,0.142169461
13/08/2013 19:30,14/08/2013 03:30,0.252661859,323.058897,,-0.11933447,0,,0.0426393,0.141668191,0.11933447
13/08/2013 20:00,14/08/2013 04:00,0.059440382,278.8052947,,0.035226837,-0.330859061,,0.241595027,-0.222797457,0.332729092
13/08/2013 20:30,14/08/2013 04:30,0.20747358,162.8583438,,0.082460681,-0.538670931,,0.404473791,-0.577752974,0.544945993
13/08/2013 21:00,14/08/2013 05:00,0.45903606,157.3822046,,0.120662734,-0.678551898,,0.538486271,-0.872141358,0.689196759
13/08/2013 21:30,14/08/2013 05:30,0.688391118,157.2402064,,0.146796944,-0.744887549,,0.656361147,-1.108356017,0.759214596
13/08/2013 22:00,14/08/2013 06:00,0.847322098,157.9845788,,0.157829101,-0.752035802,,0.731696327,-1.275198449,0.768419074
13/08/2013 22:30,14/08/2013 06:30,0.93211659,158.7308311,,0.155716367,-0.716844946,,0.745082499,-1.357952638,0.73356272
13/08/2013 23:00,14/08/2013 07:00,0.957989357,159.2180553,,0.144072217,-0.650909369,,0.698582111,-1.355383791,0.666663191
13/08/2013 23:30,14/08/2013 07:30,0.935048293,159.4564459,,0.125604646,-0.559826286,,0.605936532,-1.277778414,0.573743843
14/08/2013 00:00,14/08/2013 08:00,0.869978764,159.5857774,,0.101669243,-0.445225228,,0.480608507,-1.13894209,0.456686039
14/08/2013 00:30,14/08/2013 08:30,0.768688017,159.744962,,0.072241436,-0.307186377,,0.33130042,-0.953077471,0.315566626
14/08/2013 01:00,14/08/2013 09:00,0.635776065,160.1709155,,0.032721198,-0.147540675,,0.161901007,-0.733967253,0.151125536
14/08/2013 01:30,14/08/2013 09:30,0.474050219,161.49304,,-0.027401719,0.028144109,,-0.512611248,0,0.03928034
14/08/2013 02:00,14/08/2013 10:00,0.286224583,166.974411,,-0.089677991,0.205251647,,-0.429815497,0,0.223987456
14/08/2013 02:30,14/08/2013 10:30,0.09281508,206.0612863,,-0.138033737,0.367908637,,-0.324111079,0.086215056,0.392950478
14/08/2013 03:00,14/08/2013 11:00,0.19635668,316.5823636,,-0.176618315,0.498585277,,-0.350945305,0.43445615,0.528943577
14/08/2013 03:30,14/08/2013 11:30,0.422175485,328.9834472,,-0.20778879,0.590011758,,-0.413995518,0.770355834,0.625531818
14/08/2013 04:00,14/08/2013 12:00,0.606974944,331.7043355,,-0.229351056,0.64292024,,-0.518547891,0.997628617,0.682604089
14/08/2013 04:30,14/08/2013 12:30,0.729983927,332.200623,,-0.239362591,0.660692347,,-0.600881529,1.119110886,0.702715325
14/08/2013 05:00,14/08/2013 13:00,0.791915994,332.1184539,,-0.237521089,0.646881628,,-0.634800307,1.167429616,0.689109649
14/08/2013 05:30,14/08/2013 13:30,0.801307971,331.7898926,,-0.22457504,0.604430256,,-0.621861093,1.153688257,0.644802204
14/08/2013 06:00,14/08/2013 14:00,0.767140014,331.3939997,,-0.201790017,0.535670218,,-0.56970645,1.081121456,0.572417499
14/08/2013 06:30,14/08/2013 14:30,0.696822207,330.9193753,,-0.170713451,0.442309469,,-0.485040588,0.955208913,0.474110482
14/08/2013 07:00,14/08/2013 15:00,0.596656984,330.3974305,,-0.133111818,0.324989869,,-0.373216688,0.783667563,0.351193922
14/08/2013 07:30,14/08/2013 15:30,0.471973927,329.4400342,,-0.090998165,0.182151443,,-0.238472242,0.573362894,0.203616832
14/08/2013 08:00,14/08/2013 16:00,0.326478083,327.3136442,,-0.045400894,0.008393802,,-0.084994916,0.328915504,0.046170306
14/08/2013 08:30,14/08/2013 16:30,0.161693717,333.1785779,,0.005517864,-0.192733048,,0.080030736,0.053110496,0.192812019
14/08/2013 09:00,14/08/2013 17:00,0.046878224,204.5219224,,0.051215127,-0.393627397,,0.242543308,-0.255524832,0.396945232
14/08/2013 09:30,14/08/2013 17:30,0.228185353,160.1902164,,0.088638774,-0.553854377,,0.366467186,-0.536974488,0.560902401
14/08/2013 10:00,14/08/2013 18:00,0.423694756,157.2979966,,0.118646429,-0.65084673,,0.46127825,-0.758310824,0.661572703
14/08/2013 10:30,14/08/2013 18:30,0.593837217,157.2555824,,0.137407606,-0.686617498,,0.536573067,-0.920858961,0.700231704
14/08/2013 11:00,14/08/2013 19:00,0.708480662,157.816299,,0.143200641,-0.673254859,,0.577820203,-1.019080293,0.688315718
14/08/2013 11:30,14/08/2013 19:30,0.761449429,158.419264,,0.137802271,-0.62287961,,0.572545826,-1.047856185,0.637940808
14/08/2013 12:00,14/08/2013 20:00,0.76236956,158.8868582,,0.123932413,-0.543825191,,0.520201642,-1.008797898,0.557767946
14/08/2013 12:30,14/08/2013 20:30,0.720327568,159.2004326,,0.103640453,-0.440542011,,0.429027583,-0.910339579,0.452568898
14/08/2013 13:00,14/08/2013 21:00,0.641292923,159.5159634,,0.077805031,-0.315133392,,0.309186647,-0.764788388,0.324596176
14/08/2013 13:30,14/08/2013 21:30,0.529655839,160.0682709,,0.044314707,-0.170077543,,0.168327333,-0.584582524,0.175755978
14/08/2013 14:00,14/08/2013 22:00,0.389046123,161.5414691,,-0.017112192,0,,0.011673582,-0.379255968,0.017112192
14/08/2013 14:30,14/08/2013 22:30,0.223890248,167.3983883,,-0.0651237,0.150955766,,-0.302791447,0,0.164404196
14/08/2013 15:00,14/08/2013 23:00,0.061312159,216.8339113,,-0.113246906,0.303495696,,-0.25266327,0.085103464,0.323935949
14/08/2013 15:30,14/08/2013 23:30,0.187454589,319.7450529,,-0.150601084,0.429550803,,-0.303037415,0.352165816,0.455186313
14/08/2013 16:00,15/08/2013 00:00,0.37679785,329.3098641,,-0.180185423,0.518325475,,-0.356353347,0.603924339,0.548751387
14/08/2013 16:30,15/08/2013 00:30,0.532005742,331.6240037,,-0.200724764,0.569004802,,-0.438028364,0.794625517,0.603371275
14/08/2013 17:00,15/08/2013 01:00,0.637459326,332.1177409,,-0.210460228,0.585113334,,-0.503616906,0.90896837,0.62181277
14/08/2013 17:30,15/08/2013 01:30,0.691573138,331.9913843,,-0.209133132,0.570679236,,-0.526627696,0.953084017,0.607792282
14/08/2013 18:00,15/08/2013 02:00,0.699111103,331.6625642,,-0.197567133,0.528878684,,-0.506195067,0.933431931,0.564575446
14/08/2013 18:30,15/08/2013 02:30,0.66655605,331.2144051,,-0.177001612,0.461780202,,-0.448966311,0.856236427,0.494540722
14/08/2013 19:00,15/08/2013 03:00,0.600360793,330.6738493,,-0.148797272,0.370423367,,-0.361136994,0.728553666,0.399191807
14/08/2013 19:30,15/08/2013 03:30,0.506028391,329.9963465,,-0.114392298,0.254693589,,-0.246939659,0.556503633,0.279203192
14/08/2013 20:00,15/08/2013 04:00,0.387022112,328.5217747,,-0.075352108,0.112936454,,-0.109386977,0.343821662,0.135766648
14/08/2013 20:30,15/08/2013 04:30,0.244090113,324.5433056,,-0.090501363,0,,0.044590654,0.094766687,0.090501363
14/08/2013 21:00,15/08/2013 05:00,0.082151165,300.3475542,,0.019166082,-0.25322996,,0.203714653,-0.198844515,0.253954231
14/08/2013 21:30,15/08/2013 05:30,0.123768817,169.5636251,,0.061176804,-0.434720196,,0.343591594,-0.490579195,0.439003701
14/08/2013 22:00,15/08/2013 06:00,0.320999955,158.169281,,0.094854425,-0.568279754,,0.461997861,-0.739226283,0.576141685
14/08/2013 22:30,15/08/2013 06:30,0.516160761,156.9479512,,0.119858061,-0.642179182,,0.563453946,-0.939935344,0.653268748
14/08/2013 23:00,15/08/2013 07:00,0.67287472,157.2239981,,0.133373549,-0.663908552,,0.632983755,-1.084824058,0.67717285
14/08/2013 23:30,15/08/2013 07:30,0.771143103,157.8795272,,0.135673098,-0.646241928,,0.655315382,-1.164445075,0.660330083
15/08/2013 00:00,15/08/2013 08:00,0.816467958,158.487458,,0.129205066,-0.599608864,,0.627767643,-1.175717202,0.613371616
15/08/2013 00:30,15/08/2013 08:30,0.818814689,158.8489556,,0.116298642,-0.530132297,,0.558491247,-1.123978911,0.542739004
15/08/2013 01:00,15/08/2013 09:00,0.784405993,159.058207,,0.098367609,-0.44053376,,0.458465382,-1.019574362,0.451382521
15/08/2013 01:30,15/08/2013 09:30,0.717667662,159.2366257,,0.075887414,-0.331742993,,0.336305862,-0.874109759,0.340312082
15/08/2013 02:00,15/08/2013 10:00,0.622427577,159.5072035,,0.047715504,-0.20474807,,0.197170701,-0.698595433,0.210234491
15/08/2013 02:30,15/08/2013 10:30,0.501769579,160.1256063,,0.007114984,-0.062485405,,0.0433168,-0.500061963,0.062889179
15/08/2013 03:00,15/08/2013 11:00,0.358158538,161.8948135,,-0.045781632,0.088497457,,-0.39290852,0,0.099638133
15/08/2013 03:30,15/08/2013 11:30,0.195637309,169.320665,,-0.093803929,0.237306505,,-0.292312873,0,0.255173577
15/08/2013 04:00,15/08/2013 12:00,0.054539593,234.8335245,,-0.131304657,0.368991189,,-0.31426576,0.220875958,0.391657262
15/08/2013 04:30,15/08/2013 12:30,0.200406999,321.4629466,,-0.161533488,0.469632614,,-0.339155434,0.496677544,0.496636547
15/08/2013 05:00,15/08/2013 13:00,0.381155923,329.8436803,,-0.184791175,0.535109686,,-0.399845551,0.735174022,0.566118499
15/08/2013 05:30,15/08/2013 13:30,0.527412189,331.966369,,-0.199299076,0.567627433,,-0.480252163,0.893381014,0.601598724
15/08/2013 06:00,15/08/2013 14:00,0.62391443,332.3861024,,-0.204042771,0.571026562,,-0.53528645,0.977927692,0.606386664
15/08/2013 06:30,15/08/2013 14:30,0.670754349,332.2577129,,-0.199207617,0.548793202,,-0.549818557,1.003075457,0.583830158
15/08/2013 07:00,15/08/2013 15:00,0.674996147,331.9892531,,-0.185663656,0.503671085,,-0.527263248,0.975524962,0.536801225
15/08/2013 07:30,15/08/2013 15:30,0.644425225,331.6097671,,-0.164591665,0.437778145,,-0.474559024,0.900786458,0.467696612
15/08/2013 08:00,15/08/2013 16:00,0.585438947,331.151487,,-0.137331603,0.352625603,,-0.397677263,0.785735882,0.378424081
15/08/2013 08:30,15/08/2013 16:30,0.503181318,330.5430912,,-0.105371958,0.248844512,,-0.301415782,0.637530048,0.270234788
15/08/2013 09:00,15/08/2013 17:00,0.401914183,329.6965585,,-0.070371421,0.125494578,,-0.189857839,0.46222909,0.143878512
15/08/2013 09:30,15/08/2013 17:30,0.284920328,327.8653217,,-0.054165173,0,,-0.067237537,0.264989505,0.054165173
15/08/2013 10:00,15/08/2013 18:00,0.153934583,298.077942,,0.007515322,-0.185893419,,0.060522273,0.049360845,0.186045272
15/08/2013 10:30,15/08/2013 18:30,0.029653987,253.2046546,,0.043650147,-0.347921879,,0.185051127,-0.185951156,0.350649354
15/08/2013 11:00,15/08/2013 19:00,0.148847616,162.6622314,,0.073814978,-0.478831718,,0.285119558,-0.404856666,0.484487838
15/08/2013 11:30,15/08/2013 19:30,0.296259812,157.6885087,,0.098433528,-0.561115942,,0.357023303,-0.577905685,0.569684351
15/08/2013 12:00,15/08/2013 20:00,0.42962032,157.1141299,,0.114852736,-0.594274026,,0.408994058,-0.701905276,0.605270822
15/08/2013 12:30,15/08/2013 20:30,0.531725963,157.3351423,,0.121256265,-0.585818543,,0.437271011,-0.774809953,0.598236113
15/08/2013 13:00,15/08/2013 21:00,0.58998971,157.7497165,,0.118291185,-0.544371148,,0.435355058,-0.794355147,0.557075176
15/08/2013 13:30,15/08/2013 21:30,0.60402801,158.206198,,0.107731324,-0.476721822,,0.401004303,-0.762950436,0.488743014
15/08/2013 14:00,15/08/2013 22:00,0.579690397,158.6087632,,0.091238603,-0.387271406,,0.336861357,-0.686645954,0.39787388
15/08/2013 14:30,15/08/2013 22:30,0.522680419,158.971175,,0.069799356,-0.278762598,,0.24871627,-0.573778068,0.287368294
15/08/2013 15:00,15/08/2013 23:00,0.437384609,159.4781842,,0.042248087,-0.154025924,,0.142796614,-0.433781314,0.159715015
15/08/2013 15:30,15/08/2013 23:30,0.327585441,160.5895415,,0.002128751,-0.017676682,,0.025042124,-0.277286392,0.0178044
15/08/2013 16:00,16/08/2013 00:00,0.197441568,164.3669104,,-0.046675077,0.11956315,,-0.204354898,0,0.128350729
15/08/2013 16:30,16/08/2013 00:30,0.058567342,192.7601777,,-0.089030674,0.247795781,,-0.179944752,0.064912668,0.263304405
15/08/2013 17:00,16/08/2013 01:00,0.118158373,316.9582098,,-0.122098085,0.35521777,,-0.235087667,0.255579123,0.375616302
15/08/2013 17:30,16/08/2013 01:30,0.264229135,328.2886521,,-0.148130853,0.432159127,,-0.278096458,0.435804914,0.456841614
15/08/2013 18:00,16/08/2013 02:00,0.390100663,331.178517,,-0.166634211,0.476387842,,-0.328812913,0.580484944,0.504690337
15/08/2013 18:30,16/08/2013 02:30,0.483445048,332.0069472,,-0.176200283,0.490228818,,-0.37154601,0.672402957,0.520932657
15/08/2013 19:00,16/08/2013 03:00,0.539540829,332.0229335,,-0.176476891,0.477065256,,-0.386946015,0.707613936,0.50866035
15/08/2013 19:30,16/08/2013 03:30,0.558713894,331.7229586,,-0.168073503,0.43974303,,-0.369396045,0.689274863,0.470768133
15/08/2013 20:00,16/08/2013 04:00,0.543993602,331.3044556,,-0.151958503,0.380152544,,-0.321436327,0.62263329,0.409398758
15/08/2013 20:30,16/08/2013 04:30,0.499313363,330.7551846,,-0.129135832,0.299246478,,-0.247449468,0.513325497,0.32592103
15/08/2013 21:00,16/08/2013 05:00,0.428235599,329.979782,,-0.100670607,0.19713098,,-0.15133421,0.366508466,0.221348582
15/08/2013 21:30,16/08/2013 05:30,0.333105297,328.4617244,,-0.067675814,0.072586427,,-0.037392676,0.187668936,0.099241146
15/08/2013 22:00,16/08/2013 06:00,0.214814952,324.3462104,,-0.106631875,0,,0.085823461,-0.021685491,0.106631875
15/08/2013 22:30,16/08/2013 06:30,0.078065319,306.5688188,,0.015995869,-0.245047016,,0.207969441,-0.260246573,0.24556854
15/08/2013 23:00,16/08/2013 07:00,0.099059958,173.1317223,,0.054284819,-0.401845538,,0.321804059,-0.491463246,0.405495596
15/08/2013 23:30,16/08/2013 07:30,0.265442788,158.9133018,,0.085085547,-0.520290021,,0.426583299,-0.693527156,0.527201343
16/08/2013 00:00,16/08/2013 08:00,0.433645934,156.9801764,,0.10813183,-0.589894724,,0.513167568,-0.857121099,0.599723501
16/08/2013 00:30,16/08/2013 08:30,0.578050408,156.9453128,,0.121500025,-0.615229156,,0.568640979,-0.972858294,0.627111768
16/08/2013 01:00,16/08/2013 09:00,0.678943091,157.4799705,,0.12531883,-0.605648604,,0.584145175,-1.034948065,0.618478003
16/08/2013 01:30,16/08/2013 09:30,0.734348528,158.0510612,,0.121363181,-0.569314309,,0.558789573,-1.04205614,0.582106351
16/08/2013 02:00,16/08/2013 10:00,0.750554495,158.4566108,,0.111427581,-0.511408308,,0.498683794,-0.997746241,0.52340669
16/08/2013 02:30,16/08/2013 10:30,0.732760737,158.7203951,,0.096677505,-0.434559928,,0.412137551,-0.909317036,0.445184086
16/08/2013 03:00,16/08/2013 11:00,0.684469208,158.9158396,,0.07762457,-0.339868644,,0.305947627,-0.785347052,0.348620523
16/08/2013 03:30,16/08/2013 11:30,0.60854266,159.1569526,,0.053873616,-0.228012125,,0.184241427,-0.633739818,0.234290195
16/08/2013 04:00,16/08/2013 12:00,0.507442606,159.5963532,,0.021502421,-0.100798771,,0.04899071,-0.459902538,0.103066709
16/08/2013 04:30,16/08/2013 12:30,0.383280596,160.6557296,,-0.02405529,0.038051811,,-0.357393773,0,0.045017744
16/08/2013 05:00,16/08/2013 13:00,0.238670571,164.432557,,-0.071225798,0.179460894,,-0.275066445,0,0.193078551
16/08/2013 05:30,16/08/2013 13:30,0.083436119,188.4450235,,-0.109836096,0.311274113,,-0.298160225,0.174027083,0.330084143
16/08/2013 06:00,16/08/2013 14:00,0.120209502,313.0356508,,-0.141223839,0.417659265,,-0.333877025,0.413323545,0.440889367
16/08/2013 06:30,16/08/2013 14:30,0.293057731,328.1796482,,-0.166430155,0.490803832,,-0.376527295,0.630343291,0.518254183
16/08/2013 07:00,16/08/2013 15:00,0.447911021,331.5569632,,-0.183855618,0.531417741,,-0.4432081,0.794661752,0.562323487
16/08/2013 07:30,16/08/2013 15:30,0.563194723,332.3807107,,-0.192164117,0.543360087,,-0.499670419,0.897149793,0.576339511
16/08/2013 08:00,16/08/2013 16:00,0.632346821,332.3807215,,-0.191272429,0.53041714,,-0.524182314,0.943123884,0.563850587
16/08/2013 08:30,16/08/2013 16:30,0.658651639,332.1672805,,-0.181886817,0.495474371,,-0.515057993,0.938358437,0.527804572
16/08/2013 09:00,16/08/2013 17:00,0.648730059,331.8275014,,-0.16503234,0.440620977,,-0.477461528,0.888576053,0.470513038
16/08/2013 09:30,16/08/2013 17:30,0.608773938,331.4408223,,-0.141863441,0.367315118,,-0.416894353,0.800324017,0.393758342
16/08/2013 10:00,16/08/2013 18:00,0.543777719,330.9773259,,-0.113657804,0.276326436,,-0.337932494,0.680212603,0.298788212
16/08/2013 10:30,16/08/2013 18:30,0.457830414,330.3516588,,-0.081876707,0.167215214,,-0.244362661,0.53404037,0.186184647
16/08/2013 11:00,16/08/2013 19:00,0.354274846,329.3718308,,-0.047665497,0.037137104,,-0.1396139,0.366427952,0.060424864
16/08/2013 11:30,16/08/2013 19:30,0.235397849,327.0639183,,-0.125632362,0,,-0.027194787,0.181975401,0.125632362
16/08/2013 12:00,16/08/2013 20:00,0.102728604,334.9325962,,0.027489782,-0.276723432,,0.08803178,-0.019063743,0.278085501
16/08/2013 12:30,16/08/2013 20:30,0.053979301,181.5865772,,0.05987758,-0.421429532,,0.195469846,-0.230686159,0.425662043
16/08/2013 13:00,16/08/2013 21:00,0.198559539,159.5334625,,0.087580567,-0.526028597,,0.278357241,-0.419217365,0.533269576
16/08/2013 13:30,16/08/2013 21:30,0.341489758,157.2308022,,0.108739026,-0.582376817,,0.338959592,-0.565652173,0.592441502
16/08/2013 14:00,16/08/2013 22:00,0.46547252,157.161043,,0.120600515,-0.594124953,,0.381159479,-0.667190394,0.606241654
16/08/2013 14:30,16/08/2013 22:30,0.554442841,157.4741607,,0.122592466,-0.568751279,,0.400218186,-0.720564874,0.581813484
16/08/2013 15:00,16/08/2013 23:00,0.599446057,157.9037602,,0.115958263,-0.513260703,,0.391893852,-0.724813033,0.526196606
16/08/2013 15:30,16/08/2013 23:30,0.601817264,158.3135582,,0.102442438,-0.432797473,,0.355831171,-0.683671563,0.444756232
16/08/2013 16:00,17/08/2013 00:00,0.566775121,158.6413717,,0.083517841,-0.330734957,,0.295191628,-0.603600089,0.34111705
16/08/2013 16:30,17/08/2013 00:30,0.49918037,158.9720084,,0.059645309,-0.209841721,,0.215257694,-0.49250681,0.21815387
16/08/2013 17:00,17/08/2013 01:00,0.403115118,159.5015855,,0.026415235,-0.074276117,,0.121591069,-0.359116903,0.078833408
16/08/2013 17:30,17/08/2013 01:30,0.282640161,160.9257773,,-0.0208205,0.066372601,,0.019988736,-0.21353468,0.069561594
16/08/2013 18:00,17/08/2013 02:00,0.143012758,167.3486983,,-0.068240297,0.197889259,,-0.136593781,0,0.20932486
16/08/2013 18:30,17/08/2013 02:30,0.036930825,248.257343,,-0.106831891,0.312401467,,-0.141566232,0.104489851,0.330163187
16/08/2013 19:00,17/08/2013 03:00,0.17758068,325.332829,,-0.138435712,0.400660681,,-0.184243076,0.281329824,0.423902616
16/08/2013 19:30,17/08/2013 03:30,0.32037619,330.8724905,,-0.163175568,0.457843332,,-0.230930618,0.444283147,0.486052243
16/08/2013 20:00,17/08/2013 04:00,0.439089783,332.2569439,,-0.179044487,0.484254937,,-0.283211697,0.562781068,0.516294269
16/08/2013 20:30,17/08/2013 04:30,0.523048179,332.293649,,-0.184890621,0.482259875,,-0.319094087,0.623863824,0.516487298
16/08/2013 21:00,17/08/2013 05:00,0.567795195,331.9279181,,-0.180836306,0.454157525,,-0.324726342,0.629818758,0.488836196
16/08/2013 21:30,17/08/2013 05:30,0.57405119,331.4805692,,-0.167660147,0.401541671,,-0.298512007,0.586704766,0.435138643
16/08/2013 22:00,17/08/2013 06:00,0.544858929,330.9543953,,-0.146395226,0.325265149,,-0.243929537,0.500132761,0.356691715
16/08/2013 22:30,17/08/2013 06:30,0.483642585,330.2668839,,-0.118284578,0.225375755,,-0.16497147,0.374954201,0.254529904
16/08/2013 23:00,17/08/2013 07:00,0.393081872,329.1361834,,-0.08481642,0.100574072,,-0.065183819,0.215712392,0.131563555
16/08/2013 23:30,17/08/2013 07:30,0.274524152,326.1795683,,-0.098321877,0,,0.049430851,0.026063038,0.098321877
17/08/2013 00:00,17/08/2013 08:00,0.129713286,332.7761013,,0.005353109,-0.230673031,,0.168494359,-0.199678677,0.230735136
17/08/2013 00:30,17/08/2013 08:30,0.062734075,190.6835986,,0.051138479,-0.405202316,,0.28559505,-0.436103361,0.408416529
17/08/2013 01:00,17/08/2013 09:00,0.239719341,160.1513415,,0.088498297,-0.544153617,,0.400784726,-0.654987679,0.551303099
17/08/2013 01:30,17/08/2013 09:30,0.429844247,157.0854962,,0.116857608,-0.630907517,,0.501556511,-0.839973501,0.641638524
17/08/2013 02:00,17/08/2013 10:00,0.598999716,157.0054925,,0.134046913,-0.66767765,,0.57073521,-0.977172164,0.681000748
17/08/2013 02:30,17/08/2013 10:30,0.721970294,157.534654,,0.140117814,-0.664103651,,0.597280955,-1.05852106,0.67872429
17/08/2013 03:00,17/08/2013 11:00,0.793562928,158.1281637,,0.137044546,-0.629343479,,0.57952397,-1.081178501,0.644091937
17/08/2013 03:30,17/08/2013 11:30,0.819626097,158.5458665,,0.126899154,-0.569354467,,0.52352712,-1.047273597,0.583324871
17/08/2013 04:00,17/08/2013 12:00,0.805652063,158.811298,,0.111075241,-0.487107134,,0.437844826,-0.963161196,0.499610918
17/08/2013 04:30,17/08/2013 12:30,0.755441312,159.0201399,,0.090220778,-0.383635303,,0.329495506,-0.837192543,0.3941013
17/08/2013 05:00,17/08/2013 13:00,0.672043481,159.2650209,,0.063970829,-0.259212578,,0.202790765,-0.677925578,0.266989565
17/08/2013 05:30,17/08/2013 13:30,0.557888989,159.7320295,,0.02756085,-0.115577553,,0.059486374,-0.491847395,0.118818228
17/08/2013 06:00,17/08/2013 14:00,0.414772181,160.9636901,,-0.025822571,0.04224361,,-0.373253803,0,0.049510885
17/08/2013 06:30,17/08/2013 14:30,0.24515546,165.927728,,-0.080576626,0.203303046,,-0.2803091,0,0.21868864
17/08/2013 07:00,17/08/2013 15:00,0.068997062,209.513503,,-0.125139109,0.352834754,,-0.318397983,0.213658227,0.374369016
17/08/2013 07:30,17/08/2013 15:30,0.186160493,319.6827443,,-0.162087197,0.47233453,,-0.361292323,0.487586786,0.499371773
17/08/2013 08:00,17/08/2013 16:00,0.395098434,329.7895503,,-0.191886665,0.553881682,,-0.426981716,0.733429563,0.58617865
17/08/2013 08:30,17/08/2013 16:30,0.572112061,331.9942144,,-0.212113899,0.598967964,,-0.514498863,0.915986329,0.63541713
17/08/2013 09:00,17/08/2013 17:00,0.696552029,332.3397303,,-0.221313547,0.611973323,,-0.579524949,1.030398009,0.650761888
17/08/2013 09:30,17/08/2013 17:30,0.765924527,332.2073594,,-0.219583275,0.596830568,,-0.604038845,1.082367465,0.635943033
17/08/2013 10:00,17/08/2013 18:00,0.786396984,331.8807109,,-0.207802301,0.556318045,,-0.590236363,1.076750728,0.593861569
17/08/2013 10:30,17/08/2013 18:30,0.765464405,331.5257073,,-0.187143887,0.492306523,,-0.544718589,1.01923703,0.52667689
17/08/2013 11:00,17/08/2013 19:00,0.709407358,331.1436561,,-0.158934226,0.405933643,,-0.473167541,0.916546012,0.435938311
17/08/2013 11:30,17/08/2013 19:30,0.623363733,330.6956086,,-0.124693543,0.297319088,,-0.379910434,0.775400564,0.322408312
17/08/2013 12:00,17/08/2013 20:00,0.511649219,330.0835951,,-0.086193142,0.164409625,,-0.268299754,0.60134386,0.185633463
17/08/2013 12:30,17/08/2013 20:30,0.377604113,328.8610523,,-0.043864545,0.000597635,,-0.141348609,0.397978135,0.043868616
17/08/2013 13:00,17/08/2013 21:00,0.222776022,325.3435831,,0.004158352,-0.191392085,,-0.002292403,0.169000201,0.191437254
17/08/2013 13:30,17/08/2013 21:30,0.053889916,297.4112512,,0.049060926,-0.386658504,,0.142781864,-0.089869764,0.389758609
17/08/2013 14:00,17/08/2013 22:00,0.152483045,163.3378867,,0.087786075,-0.547983295,,0.269628088,-0.357007182,0.554970347
17/08/2013 14:30,17/08/2013 22:30,0.348884231,157.524797,,0.119945166,-0.651213528,,0.365359165,-0.584466553,0.662167578
17/08/2013 15:00,17/08/2013 23:00,0.533237012,157.1571299,,0.141360543,-0.694786291,,0.443750593,-0.760403538,0.70902101
17/08/2013 15:30,17/08/2013 23:30,0.675244242,157.6451263,,0.149733453,-0.687734236,,0.499470682,-0.879991882,0.703845499
17/08/2013 16:00,18/08/2013 00:00,0.757212075,158.2431384,,0.146159867,-0.640236993,,0.519954271,-0.937015181,0.656708545
17/08/2013 16:30,18/08/2013 00:30,0.781775021,158.7421718,,0.133129692,-0.560087967,,0.499823243,-0.931275734,0.575692666
17/08/2013 17:00,18/08/2013 01:00,0.757204957,159.085786,,0.112977063,-0.45215518,,0.442378697,-0.867718586,0.466055923
17/08/2013 17:30,18/08/2013 01:30,0.69000054,159.3505971,,0.087291363,-0.319241004,,0.356127885,-0.75548576,0.33096012
17/08/2013 18:00,18/08/2013 02:00,0.585062491,159.6627378,,0.054824542,-0.1646556,,0.250231394,-0.606330447,0.17354307
17/08/2013 18:30,18/08/2013 02:30,0.446761482,160.4967753,,0.004423927,0.003936775,,0.132067292,-0.432543223,0.005921936
17/08/2013 19:00,18/08/2013 03:00,0.280345442,163.6523939,,-0.056838583,0.167908087,,0.008454824,-0.24542058,0.177267454
17/08/2013 19:30,18/08/2013 03:30,0.098484091,184.0409089,,-0.108773109,0.316267673,,-0.14764698,0,0.334450042
17/08/2013 20:00,18/08/2013 04:00,0.128967273,318.1566863,,-0.151854341,0.436838812,,-0.1535534,0.179349353,0.462480149
17/08/2013 20:30,18/08/2013 04:30,0.321558381,329.8463647,,-0.187205478,0.521026004,,-0.203500683,0.440209504,0.553637054
17/08/2013 21:00,18/08/2013 05:00,0.495280875,332.5249658,,-0.211979951,0.568536427,,-0.283759833,0.655317265,0.606769452
17/08/2013 21:30,18/08/2013 05:30,0.62583505,332.5551879,,-0.224297652,0.582486866,,-0.363514595,0.779589102,0.624179771
17/08/2013 22:00,18/08/2013 06:00,0.703711866,332.042022,,-0.224112764,0.565565535,,-0.409154964,0.822701985,0.608350972
17/08/2013 22:30,18/08/2013 06:30,0.729692055,331.5316248,,-0.212301799,0.519341559,,-0.411683725,0.802917962,0.561059452
17/08/2013 23:00,18/08/2013 07:00,0.708620813,331.0947897,,-0.190087139,0.44456035,,-0.374945399,0.730315651,0.483494596
17/08/2013 23:30,18/08/2013 07:30,0.646122652,330.6138475,,-0.158890171,0.341045615,,-0.304557544,0.610031864,0.376242206
18/08/2013 00:00,18/08/2013 08:00,0.546849981,329.8553165,,-0.120442367,0.206955363,,-0.204569185,0.445731824,0.239451219
18/08/2013 00:30,18/08/2013 08:30,0.413269807,328.1959081,,-0.075715129,0.036901095,,-0.077232337,0.240272564,0.084228686
18/08/2013 01:00,18/08/2013 09:00,0.24518007,323.05859,,-0.188403252,0,,0.07315348,-0.00490285,0.188403252
18/08/2013 01:30,18/08/2013 09:30,0.059412894,280.0129672,,0.04253784,-0.392263775,,0.228049013,-0.296073154,0.394563476
18/08/2013 02:00,18/08/2013 10:00,0.19920047,163.3591582,,0.092662138,-0.58285361,,0.372633787,-0.589641181,0.590173366
18/08/2013 02:30,18/08/2013 10:30,0.442637075,157.3496302,,0.132305054,-0.710183357,,0.50793379,-0.850429394,0.722402262
18/08/2013 03:00,18/08/2013 11:00,0.667740975,157.1018065,,0.157741498,-0.771389356,,0.617257878,-1.058060178,0.787352474
18/08/2013 03:30,18/08/2013 11:30,0.832497215,157.7732069,,0.168004435,-0.778545913,,0.678100584,-1.197887572,0.796466716
18/08/2013 04:00,18/08/2013 12:00,0.928886637,158.4641313,,0.165764213,-0.74489066,,0.680925727,-1.262084911,0.763111964
18/08/2013 04:30,18/08/2013 12:30,0.966654506,158.9193294,,0.154246346,-0.67941774,,0.631310404,-1.250532526,0.696706825
18/08/2013 05:00,18/08/2013 13:00,0.953909305,159.1997265,,0.135685148,-0.586576096,,0.540930081,-1.170450755,0.60206476
18/08/2013 05:30,18/08/2013 13:30,0.896138276,159.3873022,,0.111141568,-0.467571598,,0.41998013,-1.032696665,0.480599259
18/08/2013 06:00,18/08/2013 14:00,0.79774327,159.5948536,,0.08034201,-0.32197464,,0.274750447,-0.849186729,0.331847114
18/08/2013 06:30,18/08/2013 14:30,0.661814884,160.0504983,,0.037731081,-0.151060224,,0.107528309,-0.630643784,0.155701079
18/08/2013 07:00,18/08/2013 15:00,0.489779591,161.4286985,,-0.028455495,0.038289689,,-0.454814152,0,0.047705508
18/08/2013 07:30,18/08/2013 15:30,0.283300157,167.73198,,-0.095365345,0.231724799,,-0.348498769,0,0.250581187
18/08/2013 08:00,18/08/2013 16:00,0.077333574,226.1469633,,-0.148729201,0.410380012,,-0.348274826,0.229290253,0.436499862
18/08/2013 08:30,18/08/2013 16:30,0.261972441,322.3410994,,-0.193680403,0.552124481,,-0.394439435,0.586079199,0.585109853
18/08/2013 09:00,18/08/2013 17:00,0.522319791,330.6344928,,-0.230295459,0.649411936,,-0.496231797,0.899801819,0.689036908
18/08/2013 09:30,18/08/2013 17:30,0.731019948,332.1685403,,-0.25511675,0.704711267,,-0.617751711,1.117175529,0.749468162
18/08/2013 10:00,18/08/2013 18:00,0.86930633,332.260805,,-0.266373137,0.722712145,,-0.698794681,1.251214118,0.770238594
18/08/2013 10:30,18/08/2013 18:30,0.940256868,331.9992994,,-0.264171916,0.707228968,,-0.726407563,1.313127914,0.754956697
18/08/2013 11:00,18/08/2013 19:00,0.95342444,331.6281649,,-0.249490548,0.660846176,,-0.707681207,1.306112352,0.706373274
18/08/2013 11:30,18/08/2013 19:30,0.917551948,331.2431934,,-0.223701749,0.585370663,,-0.650783459,1.234563783,0.626658827
18/08/2013 12:00,18/08/2013 20:00,0.839671728,330.8256272,,-0.188438273,0.481885611,,-0.561656732,1.105419923,0.517419293
18/08/2013 12:30,18/08/2013 20:30,0.725721036,330.4758018,,-0.145610108,0.349939681,,-0.44459123,0.926576504,0.379025176
18/08/2013 13:00,18/08/2013 21:00,0.580509352,329.7720454,,-0.097469021,0.185366737,,-0.302484651,0.704009618,0.209430268
18/08/2013 13:30,18/08/2013 21:30,0.407089329,328.0810747,,-0.066658017,0,,-0.137710371,0.439272451,0.066658017
18/08/2013 14:00,18/08/2013 22:00,0.205723539,322.0112809,,0.018321218,-0.266882247,,0.046415268,0.133316025,0.267510375
18/08/2013 14:30,18/08/2013 22:30,0.049215807,204.4131913,,0.072934605,-0.504965716,,0.236416901,-0.222678438,0.510205675
18/08/2013 15:00,18/08/2013 23:00,0.287533954,159.1012851,,0.119798549,-0.685659912,,0.382220833,-0.562409829,0.696046843
18/08/2013 15:30,18/08/2013 23:30,0.547513879,157.2260078,,0.156203322,-0.787674668,,0.501572521,-0.838960125,0.803013612
18/08/2013 16:00,19/08/2013 00:00,0.767257249,157.7477076,,0.176374726,-0.818082527,,0.604384308,-1.050860545,0.836879362
18/08/2013 16:30,19/08/2013 00:30,0.908109881,158.5628582,,0.179785815,-0.79219681,,0.664850065,-1.186924507,0.812341508
18/08/2013 17:00,19/08/2013 01:00,0.971863159,159.2276615,,0.169702803,-0.723270087,,0.666604662,-1.23846938,0.742912283
18/08/2013 17:30,19/08/2013 01:30,0.971621306,159.6399227,,0.149792527,-0.619789294,,0.612935967,-1.20668099,0.63763357
18/08/2013 18:00,19/08/2013 02:00,0.916626471,159.8523593,,0.122706893,-0.485745807,,0.517113848,-1.102461238,0.501004961
18/08/2013 18:30,19/08/2013 02:30,0.813649681,160.0620254,,0.089828801,-0.322557439,,0.39232995,-0.941329856,0.33483207
18/08/2013 19:00,19/08/2013 03:00,0.668212303,160.5038777,,0.046369219,-0.13362377,,0.247916862,-0.73976166,0.141440505
18/08/2013 19:30,19/08/2013 03:30,0.484967983,162.0222773,,-0.022873251,0.067918719,,0.089856058,-0.513016029,0.071666854
18/08/2013 20:00,19/08/2013 04:00,0.270426042,169.3296336,,-0.093149107,0.261280449,,-0.338800011,0,0.277388229
18/08/2013 20:30,19/08/2013 04:30,0.074968849,233.7494324,,-0.1501645,0.431182908,,-0.18537817,0.000335706,0.456583046
18/08/2013 21:00,19/08/2013 05:00,0.253762398,323.2117015,,-0.198868077,0.560728776,,-0.232092217,0.350093571,0.594949806
18/08/2013 21:30,19/08/2013 05:30,0.492352774,331.7109559,,-0.23728373,0.645860491,,-0.319086682,0.717792736,0.688069286
18/08/2013 22:00,19/08/2013 06:00,0.690404717,332.6213196,,-0.261774232,0.690537825,,-0.434873092,0.964275644,0.738490512
18/08/2013 22:30,19/08/2013 06:30,0.824603901,332.140045,,-0.27116052,0.698478042,,-0.526414918,1.077387669,0.749266042
18/08/2013 23:00,19/08/2013 07:00,0.891758637,331.5909994,,-0.265931473,0.671559283,,-0.567358549,1.0993017,0.722295935
18/08/2013 23:30,19/08/2013 07:30,0.897528,331.2486294,,-0.24728746,0.610878099,,-0.557147804,1.054893764,0.659031972
19/08/2013 00:00,19/08/2013 08:00,0.850220898,330.8330516,,-0.216775344,0.517032111,,-0.501951043,0.951613194,0.560636917
19/08/2013 00:30,19/08/2013 08:30,0.757384815,330.3699431,,-0.176195332,0.389241017,,-0.407458726,0.792775241,0.427262641
19/08/2013 01:00,19/08/2013 09:00,0.624125064,329.5315555,,-0.127686582,0.223457563,,-0.277630552,0.581522362,0.257365782
19/08/2013 01:30,19/08/2013 09:30,0.451654278,327.3847076,,-0.071121292,0.009417672,,-0.113732464,0.318703469,0.071742113
19/08/2013 02:00,19/08/2013 10:00,0.23744256,295.5895158,,0.001739009,-0.248596394,,0.083442727,0.00213375,0.248602476
19/08/2013 02:30,19/08/2013 10:30,0.059172912,215.7961595,,0.069057235,-0.509669811,,0.283388893,-0.371884826,0.514326956
19/08/2013 03:00,19/08/2013 11:00,0.320137321,159.50981,,0.124744845,-0.71471753,,0.457340729,-0.734128229,0.725522173
19/08/2013 03:30,19/08/2013 11:30,0.61886267,157.0727904,,0.166438466,-0.836269639,,0.617266606,-1.045954272,0.852671491
19/08/2013 04:00,19/08/2013 12:00,0.863107165,157.6540173,,0.189053081,-0.881866202,,0.739652169,-1.286733883,0.901903025
19/08/2013 04:30,19/08/2013 12:30,1.018604069,158.5426262,,0.193849237,-0.870055317,,0.794296527,-1.438014014,0.891388681
19/08/2013 05:00,19/08/2013 13:00,1.096253974,159.1626668,,0.185403874,-0.81624377,,0.776974221,-1.491523443,0.837035537
19/08/2013 05:30,19/08/2013 13:30,1.109593331,159.5107788,,0.167625066,-0.729218719,,0.700703835,-1.452612098,0.748236662
19/08/2013 06:00,19/08/2013 14:00,1.067108999,159.6583411,,0.142716913,-0.612127469,,0.581011271,-1.333473806,0.628544473
19/08/2013 06:30,19/08/2013 14:30,0.97576793,159.7723502,,0.111327543,-0.464382117,,0.428729659,-1.148223805,0.477540127
19/08/2013 07:00,19/08/2013 15:00,0.840786267,159.9992883,,0.071650911,-0.284291269,,0.248589114,-0.91234706,0.293181477
19/08/2013 07:30,19/08/2013 15:30,0.664496206,160.7662462,,0.008521288,-0.075572444,,0.040283772,-0.638544637,0.076051343
19/08/2013 08:00,19/08/2013 16:00,0.446497904,163.839285,,-0.073884629,0.14877484,,-0.499878218,0,0.166111082
19/08/2013 08:30,19/08/2013 16:30,0.193709569,182.5877796,,-0.141835065,0.367078298,,-0.352674597,0.037439136,0.393527207
19/08/2013 09:00,19/08/2013 17:00,0.171940548,311.1341143,,-0.197404447,0.551442186,,-0.406206579,0.467906273,0.585710679
19/08/2013 09:30,19/08/2013 17:30,0.486806155,328.8978004,,-0.245314213,0.687297579,,-0.498963358,0.902180752,0.729765048
19/08/2013 10:00,19/08/2013 18:00,0.760805426,331.9024773,,-0.281767087,0.774886717,,-0.649618976,1.209504634,0.824525387
19/08/2013 10:30,19/08/2013 18:30,0.95267771,332.266993,,-0.303226791,0.818699811,,-0.770243504,1.400088434,0.873049751
19/08/2013 11:00,19/08/2013 19:00,1.062205253,332.0164724,,-0.308787612,0.822752946,,-0.829808202,1.507999492,0.878790191
19/08/2013 11:30,19/08/2013 19:30,1.100738635,331.622421,,-0.299016253,0.789778383,,-0.832396082,1.537613428,0.844488374
19/08/2013 12:00,19/08/2013 20:00,1.07912761,331.2120137,,-0.275189255,0.721772313,,-0.786920468,1.488511671,0.772453492
19/08/2013 12:30,19/08/2013 20:30,1.00598889,330.9413824,,-0.239048569,0.620294344,,-0.700461735,1.365895803,0.664762582
19/08/2013 13:00,19/08/2013 21:00,0.888639971,330.5435989,,-0.192679134,0.485752457,,-0.578201221,1.178840083,0.522571238
19/08/2013 13:30,19/08/2013 21:30,0.733024353,329.9874911,,-0.138609971,0.315309504,,-0.423228677,0.935791941,0.344431136
19/08/2013 14:00,19/08/2013 22:00,0.542959919,328.7828779,,-0.07897462,0.098103026,,-0.236946455,0.639587999,0.125941234
19/08/2013 14:30,19/08/2013 22:30,0.318767902,324.7818377,,-0.183107645,0,,-0.021906471,0.28771495,0.183107645
19/08/2013 15:00,19/08/2013 23:00,0.072147265,289.6107223,,0.061690622,-0.466920287,,0.216697259,-0.132313438,0.470978011
19/08/2013 15:30,19/08/2013 23:30,0.249738506,161.2666116,,0.120031276,-0.707252255,,0.405562041,-0.562267898,0.7173655
19/08/2013 16:00,20/08/2013 00:00,0.568895074,157.3764011,,0.167654888,-0.854794374,,0.554956818,-0.917665265,0.871080698
19/08/2013 16:30,20/08/2013 00:30,0.848633145,157.8861089,,0.196525146,-0.912617056,,0.693271775,-1.200570398,0.933537371
19/08/2013 17:00,20/08/2013 01:00,1.031405416,158.8942271,,0.204576755,-0.900950663,,0.781566989,-1.397340178,0.923885137
19/08/2013 17:30,20/08/2013 01:30,1.12101587,159.6305483,,0.195893595,-0.838484749,,0.795545324,-1.49080219,0.861063862
19/08/2013 18:00,20/08/2013 02:00,1.134930915,160.0492234,,0.175461992,-0.737166981,,0.740570789,-1.480447191,0.757761221
19/08/2013 18:30,20/08/2013 02:30,1.084666322,160.2384589,,0.14676928,-0.602281222,,0.634269075,-1.379644729,0.619906358
19/08/2013 19:00,20/08/2013 03:00,0.979361628,160.352387,,0.111632532,-0.434408373,,0.492748081,-1.20628281,0.448522526
19/08/2013 19:30,20/08/2013 03:30,0.82633346,160.6177344,,0.068946706,-0.233783648,,0.325930212,-0.979296034,0.243738471
19/08/2013 20:00,20/08/2013 04:00,0.630287122,161.6642058,,-0.008709461,0,,0.137867805,-0.718104597,0.008709461
19/08/2013 20:30,20/08/2013 04:30,0.395136981,166.3888036,,-0.083628196,0.218791021,,-0.496021501,0,0.234228918
19/08/2013 21:00,20/08/2013 05:00,0.143115164,197.2633449,,-0.151311324,0.426446469,,-0.354279951,0,0.452494981
19/08/2013 21:30,20/08/2013 05:30,0.216551555,314.5764115,,-0.209340298,0.591109245,,-0.292339418,0.29552315,0.627083328
19/08/2013 22:00,20/08/2013 06:00,0.497492437,330.5232403,,-0.257625005,0.70526876,,-0.384794134,0.770414287,0.750849297
19/08/2013 22:30,20/08/2013 06:30,0.744212906,332.4438455,,-0.291255913,0.77365942,,-0.521180266,1.11548578,0.826667349
19/08/2013 23:00,20/08/2013 07:00,0.920595198,332.0964115,,-0.307989918,0.800793898,,-0.63590742,1.285471206,0.857979404
19/08/2013 23:30,20/08/2013 07:30,1.018716081,331.5789839,,-0.307892703,0.788580498,,-0.698174478,1.33991048,0.846556034
20/08/2013 00:00,20/08/2013 08:00,1.043886052,331.186911,,-0.292032635,0.738121317,,-0.702823145,1.317239146,0.793792251
20/08/2013 00:30,20/08/2013 08:30,1.006644495,330.8364336,,-0.261980555,0.650449787,,-0.653880323,1.226107238,0.701226594
20/08/2013 01:00,20/08/2013 09:00,0.917069169,330.5035465,,-0.219659948,0.525795994,,-0.557553861,1.068411068,0.569834993
20/08/2013 01:30,20/08/2013 09:30,0.782240126,329.8740277,,-0.167372653,0.361594672,,-0.419616483,0.847819434,0.398452396
20/08/2013 02:00,20/08/2013 10:00,0.605086018,328.5699559,,-0.107523768,0.148565457,,-0.243278859,0.567020279,0.183393172
20/08/2013 02:30,20/08/2013 10:30,0.382141791,324.4079815,,-0.1588655,0,,-0.027904952,0.223313332,0.1588655
20/08/2013 03:00,20/08/2013 11:00,0.120575337,296.876225,,0.048223209,-0.430988427,,0.21849722,-0.198852568,0.433677879
20/08/2013 03:30,20/08/2013 11:30,0.222041582,164.6916772,,0.115023526,-0.695838017,,0.428326482,-0.642209371,0.705280765
20/08/2013 04:00,20/08/2013 12:00,0.568051131,157.3424772,,0.168633732,-0.868490912,,0.617001102,-1.031974912,0.884711139
20/08/2013 04:30,20/08/2013 12:30,0.874830476,157.5701557,,0.201536682,-0.947065577,,0.78211847,-1.350301261,0.968271781
20/08/2013 05:00,20/08/2013 13:00,1.07854706,158.6217138,,0.212450321,-0.953434849,,0.87653988,-1.571445349,0.976817869
20/08/2013 05:30,20/08/2013 13:30,1.187539791,159.3712785,,0.206577659,-0.908912008,,0.884922922,-1.677971251,0.932091931
20/08/2013 06:00,20/08/2013 14:00,1.220343358,159.7608373,,0.189316243,-0.82653306,,0.820179909,-1.673746298,0.847937226
20/08/2013 06:30,20/08/2013 14:30,1.18826239,159.885114,,0.163936272,-0.711517712,,0.702387635,-1.572353802,0.730159267
20/08/2013 07:00,20/08/2013 15:00,1.100951735,159.9317778,,0.131695596,-0.56367658,,0.546341785,-1.388769833,0.578856646
20/08/2013 07:30,20/08/2013 15:30,0.966013074,160.0398241,,0.091841104,-0.379847782,,0.358423707,-1.139891334,0.390792945
20/08/2013 08:00,20/08/2013 16:00,0.786991776,160.53321,,0.034339385,-0.159928644,,0.137347948,-0.844964971,0.163573728
20/08/2013 08:30,20/08/2013 16:30,0.563112089,162.5741064,,-0.055682396,0.086061496,,-0.617083043,0,0.102504196
20/08/2013 09:00,20/08/2013 17:00,0.294334764,173.8593665,,-0.135644365,0.331767635,,-0.463248959,0,0.358425944
20/08/2013 09:30,20/08/2013 17:30,0.117130163,296.3317467,,-0.199031484,0.546102115,,-0.427799198,0.357524583,0.581240958
20/08/2013 10:00,20/08/2013 18:00,0.449843611,326.9269345,,-0.254553782,0.709386781,,-0.50808219,0.878355872,0.753675814
20/08/2013 10:30,20/08/2013 18:30,0.77160355,331.5892839,,-0.299279655,0.820467214,,-0.671459647,1.269005654,0.873346873
20/08/2013 11:00,20/08/2013 19:00,1.004070483,332.2453599,,-0.328453784,0.883710713,,-0.816092095,1.505491819,0.942775961
20/08/2013 11:30,20/08/2013 19:30,1.143317795,332.0246477,,-0.340237962,0.903034758,,-0.898618702,1.645907508,0.965004479
20/08/2013 12:00,20/08/2013 20:00,1.201796439,331.6215406,,-0.334715298,0.881024382,,-0.918567201,1.702637124,0.942463947
20/08/2013 12:30,20/08/2013 20:30,1.191910176,331.2814545,,-0.3129533,0.819595319,,-0.883452742,1.671289242,0.877311949
20/08/2013 13:00,20/08/2013 21:00,1.123461223,330.9329228,,-0.276694273,0.720451039,,-0.800470163,1.554539589,0.771757358
20/08/2013 13:30,20/08/2013 21:30,1.00484812,330.5717721,,-0.228162782,0.584541815,,-0.675740064,1.362268379,0.627492939
20/08/2013 14:00,20/08/2013 22:00,0.842895467,330.0529191,,-0.170034883,0.41004302,,-0.512758471,1.104643417,0.44389992
20/08/2013 14:30,20/08/2013 22:30,0.642077871,329.1110861,,-0.10538012,0.187180721,,-0.312380043,0.786415562,0.21480594
20/08/2013 15:00,20/08/2013 23:00,0.40267786,325.8437735,,-0.131673823,0,,-0.075852998,0.402624605,0.131673823
20/08/2013 15:30,20/08/2013 23:30,0.128043013,308.935681,,0.051689064,-0.428488206,,0.195920403,-0.060363153,0.431594603
20/08/2013 16:00,21/08/2013 00:00,0.216890365,163.9496562,,0.118448015,-0.712446114,,0.420367002,-0.556267642,0.722225309
20/08/2013 16:30,21/08/2013 00:30,0.577069235,157.5681507,,0.174045586,-0.894861033,,0.591702337,-0.970568057,0.911629385
20/08/2013 17:00,21/08/2013 01:00,0.900878878,157.9959081,,0.209355192,-0.973633884,,0.756272077,-1.306527749,0.995887813
20/08/2013 17:30,21/08/2013 01:30,1.114164006,159.0862835,,0.220847854,-0.972828102,,0.864818908,-1.54869585,0.99758122
20/08/2013 18:00,21/08/2013 02:00,1.22235612,159.8992393,,0.21321147,-0.915738224,,0.887899779,-1.67306356,0.940231687
20/08/2013 18:30,21/08/2013 02:30,1.24616175,160.2949501,,0.19253536,-0.817182668,,0.832785181,-1.67956687,0.839557846
20/08/2013 19:00,21/08/2013 03:00,1.199062714,160.4241085,,0.162983863,-0.683571813,,0.720791834,-1.583433167,0.702733351
20/08/2013 19:30,21/08/2013 03:30,1.092607513,160.4610666,,0.126551625,-0.51517878,,0.570084415,-1.4028378,0.53049457
20/08/2013 20:00,21/08/2013 04:00,0.93587813,160.6090216,,0.083034074,-0.310033383,,0.390593048,-1.157155492,0.320960054
20/08/2013 20:30,21/08/2013 04:30,0.733741617,161.3687484,,0.016265515,-0.07221804,,0.183963635,-0.868367701,0.074027105
20/08/2013 21:00,21/08/2013 05:00,0.488266608,164.83745,,-0.074986897,0.17775126,,-0.599115463,0,0.192921086
20/08/2013 21:30,21/08/2013 05:30,0.212175909,185.8426516,,-0.150564079,0.412655191,,-0.471013486,0,0.439265123
20/08/2013 22:00,21/08/2013 06:00,0.186556305,264.1793945,,-0.214545013,0.60385682,,-0.341864182,0.260813625,0.640837438
20/08/2013 22:30,21/08/2013 06:30,0.492653315,329.1724152,,-0.269637474,0.74064312,,-0.431934435,0.804391564,0.788198324
20/08/2013 23:00,21/08/2013 07:00,0.772985058,332.1931931,,-0.310211782,0.827955546,,-0.585896076,1.215311813,0.8841616
20/08/2013 23:30,21/08/2013 07:30,0.980495323,332.0580535,,-0.332953612,0.870856368,,-0.716539754,1.426256845,0.932335198
21/08/2013 00:00,21/08/2013 08:00,1.102761348,331.5937027,,-0.337432869,0.871307414,,-0.791977942,1.508697373,0.934364784
21/08/2013 00:30,21/08/2013 08:30,1.143609157,331.1936789,,-0.324497941,0.830316695,,-0.805437533,1.506940101,0.891473346
21/08/2013 01:00,21/08/2013 09:00,1.114988816,330.8373668,,-0.295626892,0.748980942,,-0.759809412,1.428333124,0.805212836
21/08/2013 01:30,21/08/2013 09:30,1.029148571,330.5403363,,-0.252783154,0.628098787,,-0.662094876,1.274037,0.677057906
21/08/2013 02:00,21/08/2013 10:00,0.89480568,330.0378703,,-0.198358643,0.466451558,,-0.51910117,1.048657313,0.506875929
21/08/2013 02:30,21/08/2013 10:30,0.716341279,329.115736,,-0.135296387,0.256726495,,-0.33469231,0.757035512,0.290195806
21/08/2013 03:00,21/08/2013 11:00,0.491404161,326.0854772,,-0.08129974,0,,-0.108763368,0.396005392,0.08129974
21/08/2013 03:30,21/08/2013 11:30,0.215026896,346.8433087,,0.02717585,-0.346340161,,0.162316269,-0.050019351,0.347404712
21/08/2013 04:00,21/08/2013 12:00,0.137850304,176.135729,,0.102414561,-0.654604294,,0.404991942,-0.55249043,0.662567373
21/08/2013 04:30,21/08/2013 12:30,0.503994524,157.8595497,,0.164275973,-0.870139042,,0.607216494,-0.997602655,0.885510332
21/08/2013 05:00,21/08/2013 13:00,0.856369475,157.5135591,,0.205693006,-0.97804953,,0.798787932,-1.370195526,0.999445094
21/08/2013 05:30,21/08/2013 13:30,1.100137202,158.5811903,,0.22239172,-1.001079146,,0.924206081,-1.644912588,1.025484048
21/08/2013 06:00,21/08/2013 14:00,1.23550895,159.4522059,,0.21929817,-0.965442161,,0.955485458,-1.794929277,0.990035481
21/08/2013 06:30,21/08/2013 14:30,1.285135232,159.8859434,,0.2029641,-0.888119965,,0.903117024,-1.821512707,0.911016739
21/08/2013 07:00,21/08/2013 15:00,1.262660618,159.9985013,,0.177658044,-0.776467732,,0.790453537,-1.739268612,0.796532811
21/08/2013 07:30,21/08/2013 15:30,1.179926803,159.9999981,,0.145194093,-0.631070082,,0.635643982,-1.563379534,0.647557544
21/08/2013 08:00,21/08/2013 16:00,1.046838711,160.0384197,,0.105333464,-0.448342272,,0.446705364,-1.310709743,0.460549598
21/08/2013 08:30,21/08/2013 16:30,0.868378277,160.3790776,,0.051977393,-0.225416651,,0.222043475,-1.002720441,0.231331614
21/08/2013 09:00,21/08/2013 17:00,0.644100395,161.9192036,,-0.038492815,0.031162744,,-0.695671472,0,0.049525886
21/08/2013 09:30,21/08/2013 17:30,0.370933471,169.7818482,,-0.127068941,0.294482143,,-0.575261856,0,0.320727686
21/08/2013 10:00,21/08/2013 18:00,0.105864185,241.8949378,,-0.195977633,0.529000575,,-0.443640887,0.243832933,0.564135481
21/08/2013 10:30,21/08/2013 18:30,0.402281437,324.5674473,,-0.256156037,0.711303659,,-0.504589804,0.813881051,0.7560217
21/08/2013 11:00,21/08/2013 19:00,0.754822485,331.2094112,,-0.306359861,0.839200493,,-0.671079617,1.274215171,0.893372169
21/08/2013 11:30,21/08/2013 19:30,1.016896196,332.2022517,,-0.34113206,0.916922016,,-0.832052078,1.551035401,0.9783236
21/08/2013 12:00,21/08/2013 20:00,1.179385196,332.0377629,,-0.357831888,0.948225024,,-0.931895476,1.716399532,1.013496106
21/08/2013 12:30,21/08/2013 20:30,1.254495734,331.6422544,,-0.356083076,0.935543363,,-0.966351824,1.794597381,1.001017752
21/08/2013 13:00,21/08/2013 21:00,1.255556496,331.2928691,,-0.336710763,0.880679771,,-0.9414796,1.779810136,0.942852585
21/08/2013 13:30,21/08/2013 21:30,1.193193688,330.942386,,-0.301378069,0.785355403,,-0.863820284,1.671751306,0.841196677
21/08/2013 14:00,21/08/2013 22:00,1.076618923,330.6063557,,-0.252356091,0.650837095,,-0.739941792,1.48016222,0.698049082
21/08/2013 14:30,21/08/2013 22:30,0.913411674,330.0994016,,-0.192395597,0.476118107,,-0.574275023,1.216858706,0.513521681
21/08/2013 15:00,21/08/2013 23:00,0.708699543,329.2019682,,-0.124879782,0.252938538,,-0.367580574,0.888223667,0.282086625
21/08/2013 15:30,21/08/2013 23:30,0.463048985,326.4268993,,-0.08782676,0,,-0.119836287,0.489154248,0.08782676
21/08/2013 16:00,22/08/2013 00:00,0.17588865,297.945365,,0.040593095,-0.383588978,,0.168271319,0.00514315,0.385730869
21/08/2013 16:30,22/08/2013 00:30,0.18132412,167.5101583,,0.113176128,-0.696939432,,0.420957606,-0.531700016,0.706068983
21/08/2013 17:00,22/08/2013 01:00,0.562658698,157.7227115,,0.173989109,-0.906144145,,0.607119352,-0.985960268,0.92269682
21/08/2013 17:30,22/08/2013 01:30,0.915832931,158.0094421,,0.214210024,-1.00235243,,0.788862545,-1.357948824,1.024986014
21/08/2013 18:00,22/08/2013 02:00,1.151725378,159.1500002,,0.228826508,-1.011547584,,0.913070327,-1.632644028,1.037106593
21/08/2013 18:30,22/08/2013 02:30,1.274503124,159.9996122,,0.222628968,-0.960480732,,0.945374889,-1.781009552,0.985944671
21/08/2013 19:00,22/08/2013 03:00,1.307235561,160.3852789,,0.202469415,-0.866291058,,0.893384707,-1.803028518,0.889637039
21/08/2013 19:30,22/08/2013 03:30,1.264872189,160.4767577,,0.173050951,-0.736467986,,0.780846612,-1.714746349,0.756526091
21/08/2013 20:00,22/08/2013 04:00,1.160756559,160.4598776,,0.136532565,-0.571426422,,0.627317807,-1.533834313,0.587511104
21/08/2013 20:30,22/08/2013 04:30,1.00542901,160.5363975,,0.092917055,-0.368035354,,0.442706289,-1.279331365,0.379583457
21/08/2013 21:00,22/08/2013 05:00,0.804147757,161.1021715,,0.030600433,-0.127291121,,0.227220568,-0.974378796,0.130917592
21/08/2013 21:30,22/08/2013 05:30,0.557946867,163.7316774,,-0.064377066,0.134544246,,-0.659631583,0,0.14915281
21/08/2013 22:00,22/08/2013 06:00,0.27292719,179.2307841,,-0.145934928,0.38623266,,-0.54648875,0,0.412883363
21/08/2013 22:30,22/08/2013 06:30,0.153992503,270.7216337,,-0.213043008,0.595886669,,-0.373325415,0.218981732,0.632825604
21/08/2013 23:00,22/08/2013 07:00,0.468340744,327.4557549,,-0.27200199,0.749684685,,-0.452092459,0.801178557,0.797503736
21/08/2013 23:30,22/08/2013 07:30,0.769946771,331.8743395,,-0.317427974,0.851803364,,-0.616364014,1.256821359,0.909026672
22/08/2013 00:00,22/08/2013 08:00,0.999051393,332.0622959,,-0.344975959,0.907525247,,-0.759557549,1.498068187,0.970881293
22/08/2013 00:30,22/08/2013 08:30,1.140214696,331.6375958,,-0.353598473,0.918973941,,-0.845269874,1.60411882,0.984654754
22/08/2013 01:00,22/08/2013 09:00,1.195066967,331.240048,,-0.343841042,0.887099255,,-0.866520689,1.622437948,0.951405145
22/08/2013 01:30,22/08/2013 09:30,1.175516882,330.8931011,,-0.317046112,0.812993387,,-0.826064317,1.558398622,0.872626199
22/08/2013 02:00,22/08/2013 10:00,1.09525443,330.5872113,,-0.275172823,0.697824381,,-0.731249653,1.41250688,0.75011929
22/08/2013 02:30,22/08/2013 10:30,0.964550633,330.1491066,,-0.220659651,0.541422034,,-0.589313821,1.19035236,0.584661013
22/08/2013 03:00,22/08/2013 11:00,0.789191269,329.3713466,,-0.156514947,0.338692778,,-0.40416176,0.89834096,0.373108197
22/08/2013 03:30,22/08/2013 11:30,0.568734484,327.1512704,,-0.084472561,0.073108733,,-0.176056103,0.535353214,0.11171616
22/08/2013 04:00,22/08/2013 12:00,0.295157721,294.5157489,,0.005889816,-0.258265297,,0.097238073,0.08922765,0.258332448
22/08/2013 04:30,22/08/2013 12:30,0.075804474,209.5433784,,0.08651861,-0.591769606,,0.369603419,-0.443010923,0.598060814
22/08/2013 05:00,22/08/2013 13:00,0.423271569,158.7737437,,0.153267739,-0.841502291,,0.579279857,-0.924870857,0.85534619
22/08/2013 05:30,22/08/2013 13:30,0.802050507,157.4346424,,0.201487727,-0.976550925,,0.78235287,-1.330733961,0.997120361
22/08/2013 06:00,22/08/2013 14:00,1.079044649,158.4568484,,0.224026513,-1.016486978,,0.931957622,-1.644178847,1.040881192
22/08/2013 06:30,22/08/2013 14:30,1.237917378,159.43649,,0.224432936,-0.990684825,,0.986413357,-1.831076877,1.015788642
22/08/2013 07:00,22/08/2013 15:00,1.303821544,159.9448913,,0.209861892,-0.91967057,,0.949834664,-1.887449283,0.943311174
22/08/2013 07:30,22/08/2013 15:30,1.292549711,160.0790776,,0.185468645,-0.813066242,,0.84639784,-1.82755438,0.833951637
22/08/2013 08:00,22/08/2013 16:00,1.217074041,160.0698561,,0.153649084,-0.672598351,,0.696988695,-1.666805381,0.689925056
22/08/2013 08:30,22/08/2013 16:30,1.089036318,160.0687892,,0.114603655,-0.495038327,,0.511950064,-1.421518028,0.508130833
22/08/2013 09:00,22/08/2013 17:00,0.915033205,160.3140304,,0.064563073,-0.276282011,,0.29073387,-1.113327425,0.283725466
22/08/2013 09:30,22/08/2013 17:30,0.695627572,161.4974438,,-0.041650425,0,,0.026394065,-0.762682104,0.041650425
22/08/2013 10:00,22/08/2013 18:00,0.427237095,167.3089273,,-0.11469023,0.249931796,,-0.619314161,0,0.274990457
22/08/2013 10:30,22/08/2013 18:30,0.134401869,211.9738756,,-0.187104497,0.495959365,,-0.438574347,0.123404653,0.530079036
22/08/2013 11:00,22/08/2013 19:00,0.342454317,321.2769949,,-0.249356452,0.690776462,,-0.486130651,0.704977397,0.734405038
22/08/2013 11:30,22/08/2013 19:30,0.708258764,330.6708943,,-0.302594966,0.830372915,,-0.643500767,1.219597603,0.88378894
22/08/2013 12:00,22/08/2013 20:00,0.989390352,332.1377743,,-0.341098661,0.91861,,-0.814946851,1.533088998,0.979894193
22/08/2013 12:30,22/08/2013 20:30,1.169556175,332.0668743,,-0.361528887,0.959184581,,-0.928816938,1.717420429,1.025055216
22/08/2013 13:00,22/08/2013 21:00,1.258876112,331.6915103,,-0.363129483,0.954560743,,-0.976011885,1.812279695,1.021297818
22/08/2013 13:30,22/08/2013 21:30,1.270819655,331.3341974,,-0.346513245,0.906542445,,-0.96163947,1.813806521,0.970510502
22/08/2013 14:00,22/08/2013 22:00,1.216465364,330.9734386,,-0.313217614,0.816870295,,-0.891649957,1.71878276,0.874861333
22/08/2013 14:30,22/08/2013 22:30,1.105569022,330.6370892,,-0.265464541,0.687001576,,-0.772569056,1.535441612,0.736507018
22/08/2013 15:00,22/08/2013 23:00,0.94639628,330.1581396,,-0.205981684,0.516555789,,-0.609615581,1.276342864,0.556110005
22/08/2013 15:30,22/08/2013 23:30,0.744769745,329.3235096,,-0.138164714,0.298901523,,-0.404080838,0.949450078,0.329289551
22/08/2013 16:00,23/08/2013 00:00,0.501886989,326.8868002,,-0.06189696,0.013226604,,-0.155390145,0.551129876,0.063294365
22/08/2013 16:30,23/08/2013 00:30,0.215089012,332.3971896,,0.028037583,-0.331168223,,0.133981571,0.067796853,0.332352972
22/08/2013 17:00,23/08/2013 01:00,0.14152759,173.0861352,,0.10366852,-0.659533376,,0.40559261,-0.484890282,0.667631213
22/08/2013 17:30,23/08/2013 01:30,0.523129078,157.9114117,,0.167064882,-0.888261078,,0.599980926,-0.960537771,0.903835393
22/08/2013 18:00,23/08/2013 02:00,0.890937151,157.9082189,,0.210936391,-0.999877465,,0.789585678,-1.351512256,1.021885075
22/08/2013 18:30,23/08/2013 02:30,1.143170418,159.0487766,,0.228782281,-1.019488362,,0.925941755,-1.646922537,1.044843458
22/08/2013 19:00,23/08/2013 03:00,1.278141699,159.9445916,,0.224790534,-0.975876667,,0.96902322,-1.81444997,1.001432002
22/08/2013 19:30,23/08/2013 03:30,1.320446504,160.3536323,,0.206128199,-0.888017651,,0.924066265,-1.852164845,0.911627217
22/08/2013 20:00,23/08/2013 04:00,1.285869954,160.4456822,,0.177893309,-0.764503314,,0.815456227,-1.77581131,0.784927606
22/08/2013 20:30,23/08/2013 04:30,1.188468566,160.3895,,0.142453671,-0.606312091,,0.663812668,-1.602491181,0.622822126
22/08/2013 21:00,23/08/2013 05:00,1.039759297,160.4220664,,0.099970249,-0.410141714,,0.479682414,-1.350568352,0.42214959
22/08/2013 21:30,23/08/2013 05:30,0.845707821,160.8447167,,0.042795833,-0.175097764,,0.26329623,-1.043136304,0.180251797
22/08/2013 22:00,23/08/2013 06:00,0.607264119,162.8703182,,-0.050762314,0.08735057,,0.009639363,-0.701282938,0.101029375
22/08/2013 22:30,23/08/2013 06:30,0.326231515,173.9870427,,-0.1363754,0.345591708,,-0.584824547,0,0.371526417
22/08/2013 23:00,23/08/2013 07:00,0.122603623,273.8196897,,-0.204396524,0.566046624,,-0.389082019,0.15607008,0.601819507
22/08/2013 23:30,23/08/2013 07:30,0.420580933,325.1201236,,-0.264444637,0.731721762,,-0.449610307,0.744772588,0.778040939
23/08/2013 00:00,23/08/2013 08:00,0.732910431,331.4146484,,-0.31259285,0.844882492,,-0.612331524,1.233385517,0.900855546
23/08/2013 00:30,23/08/2013 08:30,0.97479055,332.0579386,,-0.343677152,0.910632952,,-0.764125106,1.50153569,0.973327467
23/08/2013 01:00,23/08/2013 09:00,1.129808514,331.7347763,,-0.355937788,0.931384873,,-0.858953656,1.6279123,0.997080484
23/08/2013 01:30,23/08/2013 09:30,1.197765768,331.3574414,,-0.349586131,0.908262282,,-0.889032602,1.665071413,0.973216746
23/08/2013 02:00,23/08/2013 10:00,1.188898507,330.9729404,,-0.325800627,0.842459171,,-0.857051828,1.618224975,0.903262699
23/08/2013 02:30,23/08/2013 10:30,1.116928338,330.6610604,,-0.286462262,0.735410271,,-0.769864828,1.486722637,0.789233106
23/08/2013 03:00,23/08/2013 11:00,0.993408575,330.2812199,,-0.2339795,0.587728364,,-0.634741484,1.276388335,0.632590734
23/08/2013 03:30,23/08/2013 11:30,0.825678773,329.620545,,-0.171272275,0.396301129,,-0.455995907,0.994898037,0.431727665
23/08/2013 04:00,23/08/2013 12:00,0.615548902,327.938886,,-0.10136604,0.148091589,,-0.234576491,0.644193672,0.179460839
23/08/2013 04:30,23/08/2013 12:30,0.356404233,322.3445479,,-0.185863678,0,,0.029817306,0.217186784,0.185863678
23/08/2013 05:00,23/08/2013 13:00,0.079752312,269.5043838,,0.068396383,-0.510735749,,0.316635594,-0.310704813,0.515295129
23/08/2013 05:30,23/08/2013 13:30,0.329221172,160.6051066,,0.136542806,-0.783991104,,0.53164853,-0.812045929,0.79579268
23/08/2013 06:00,23/08/2013 14:00,0.711099038,157.3676521,,0.189287934,-0.943871109,,0.732245207,-1.232062688,0.962664319
23/08/2013 06:30,23/08/2013 14:30,1.012912339,158.2014041,,0.217635351,-1.001906009,,0.898670703,-1.568328434,1.025271084
23/08/2013 07:00,23/08/2013 15:00,1.193330789,159.2661204,,0.222494481,-0.987805146,,0.97667753,-1.785144346,1.012552616
23/08/2013 07:30,23/08/2013 15:30,1.275701494,159.8886247,,0.210759108,-0.924885867,,0.959791662,-1.870074492,0.948595419
23/08/2013 08:00,23/08/2013 16:00,1.278315864,160.0931765,,0.188250606,-0.825181752,,0.869774345,-1.835101181,0.846382428
23/08/2013 08:30,23/08/2013 16:30,1.214162187,160.1133098,,0.157991614,-0.691980824,,0.729475808,-1.696174343,0.709787863
23/08/2013 09:00,23/08/2013 17:00,1.0954968,160.1045054,,0.120687141,-0.523063052,,0.552346087,-1.469363496,0.536805684
23/08/2013 09:30,23/08/2013 17:30,0.930413815,160.2921737,,0.074089186,-0.314349974,,0.340532466,-1.175195209,0.322963022
23/08/2013 10:00,23/08/2013 18:00,0.72108882,161.2429024,,-0.071358855,0,,0.088407265,-0.836809863,0.071358855
23/08/2013 10:30,23/08/2013 18:30,0.465076038,165.6510354,,-0.097608277,0.197166253,,-0.62888618,0,0.220004334
23/08/2013 11:00,23/08/2013 19:00,0.175051076,194.7993706,,-0.17213233,0.445741292,,-0.406392251,0.006234927,0.47782302
23/08/2013 11:30,23/08/2013 19:30,0.272267618,316.0689269,,-0.234287797,0.647414661,,-0.45492046,0.560156152,0.688503098
23/08/2013 12:00,23/08/2013 20:00,0.632970509,329.845746,,-0.288293649,0.794497953,,-0.590048365,1.105341303,0.845186504
23/08/2013 12:30,23/08/2013 20:30,0.922272712,331.9539763,,-0.32879325,0.889928823,,-0.764188885,1.452962803,0.948724571
23/08/2013 13:00,23/08/2013 21:00,1.114650896,332.0995563,,-0.351845404,0.937472345,,-0.889170898,1.651559757,1.001323917
23/08/2013 13:30,23/08/2013 21:30,1.216115011,331.7749331,,-0.356375754,0.939853119,,-0.948011022,1.757898871,1.005150518
23/08/2013 14:00,23/08/2013 22:00,1.239208418,331.3311126,,-0.342840514,0.899047071,,-0.944607292,1.774745852,0.962198137
23/08/2013 14:30,23/08/2013 22:30,1.195043408,331.033239,,-0.312634137,0.816877449,,-0.884671842,1.696775086,0.874659288
23/08/2013 15:00,23/08/2013 23:00,1.093580913,330.6700356,,-0.267848569,0.694941764,,-0.77457478,1.529576308,0.74477306
23/08/2013 15:30,23/08/2013 23:30,0.943650879,330.2285114,,-0.211084303,0.533338653,,-0.619855883,1.284930578,0.573591058
23/08/2013 16:00,24/08/2013 00:00,0.75180986,329.4510816,,-0.145562276,0.327031593,,-0.422625328,0.971907248,0.35796374
23/08/2013 16:30,24/08/2013 00:30,0.520160163,327.2709354,,-0.07283528,0.058585926,,-0.182686928,0.589372847,0.093473465
23/08/2013 17:00,24/08/2013 01:00,0.245436704,294.0120772,,0.014737433,-0.272867861,,0.096266274,0.127345081,0.273265552
23/08/2013 17:30,24/08/2013 01:30,0.099918401,183.6971561,,0.090452789,-0.601382281,,0.374409001,-0.416320336,0.608146655
23/08/2013 18:00,24/08/2013 02:00,0.460218025,158.2175941,,0.153648231,-0.841882712,,0.5711965,-0.895562963,0.855788688
23/08/2013 18:30,24/08/2013 02:30,0.826823722,157.712304,,0.199730775,-0.967231173,,0.759135255,-1.289022409,0.987637851
23/08/2013 19:00,24/08/2013 03:00,1.089526631,158.7886985,,0.220941512,-0.998248686,,0.903872586,-1.593378316,1.022406764
23/08/2013 19:30,24/08/2013 03:30,1.234971662,159.7342274,,0.220036559,-0.963918344,,0.95956676,-1.775692342,0.98871364
23/08/2013 20:00,24/08/2013 04:00,1.287922007,160.2087383,,0.203929629,-0.884522756,,0.925799344,-1.829495356,0.907726721
23/08/2013 20:30,24/08/2013 04:30,1.264640519,160.3433771,,0.177934458,-0.769809159,,0.825327465,-1.768893593,0.79010557
23/08/2013 21:00,24/08/2013 05:00,1.178646838,160.3050362,,0.144672661,-0.621700874,,0.679658259,-1.61076031,0.638311958
23/08/2013 21:30,24/08/2013 05:30,1.041708373,160.3141158,,0.104571134,-0.437545123,,0.500899457,-1.372761924,0.449867599
23/08/2013 22:00,24/08/2013 06:00,0.860687075,160.6367801,,0.052863504,-0.215675221,,0.290800492,-1.076821624,0.222059341
23/08/2013 22:30,24/08/2013 06:30,0.637330688,162.1582419,,-0.033987116,0.036128797,,0.044798863,-0.745129307,0.049602561
23/08/2013 23:00,24/08/2013 07:00,0.37178928,169.8329655,,-0.121358579,0.290525466,,-0.585403899,0,0.314853857
23/08/2013 23:30,24/08/2013 07:30,0.114832591,230.9988318,,-0.188758936,0.514150555,,-0.383324343,0.074114178,0.547704966
24/08/2013 00:00,24/08/2013 08:00,0.347774364,321.5603019,,-0.247352202,0.686840305,,-0.428824646,0.633247936,0.730022408
24/08/2013 00:30,24/08/2013 08:30,0.661140602,330.6169756,,-0.296026636,0.807663988,,-0.575775882,1.142401839,0.860205142
24/08/2013 01:00,24/08/2013 09:00,0.90831369,331.9881238,,-0.329269695,0.880933622,,-0.731178844,1.438002703,0.940458706
24/08/2013 01:30,24/08/2013 09:30,1.072153094,331.875145,,-0.34456257,0.909450392,,-0.834484299,1.582595935,0.972534513
24/08/2013 02:00,24/08/2013 10:00,1.151987005,331.4843462,,-0.341753205,0.894805178,,-0.874677748,1.636872626,0.957847357
24/08/2013 02:30,24/08/2013 10:30,1.155897661,331.1508517,,-0.321826965,0.838444698,,-0.854219074,1.609519236,0.898088028
24/08/2013 03:00,24/08/2013 11:00,1.095882493,330.7749906,,-0.286506411,0.7420167,,-0.779118905,1.498601513,0.795408516
24/08/2013 03:30,24/08/2013 11:30,0.983731054,330.4245441,,-0.23806816,0.606697868,,-0.65624304,1.308903014,0.651735186
24/08/2013 04:00,24/08/2013 12:00,0.828246571,329.8362318,,-0.179252276,0.431014266,,-0.490585468,1.048800096,0.466802609
24/08/2013 04:30,24/08/2013 12:30,0.633669217,328.5871282,,-0.113302822,0.205930268,,-0.284234297,0.723183727,0.235042134
24/08/2013 05:00,24/08/2013 13:00,0.396979249,324.5573897,,-0.121563399,0,,-0.038032563,0.327686356,0.121563399
24/08/2013 05:30,24/08/2013 13:30,0.124781528,297.5296949,,0.047608758,-0.413293087,,0.244253129,-0.159409499,0.416026165
24/08/2013 06:00,24/08/2013 14:00,0.22843245,164.5116733,,0.114729124,-0.69796767,,0.465774373,-0.660753473,0.707334179
24/08/2013 06:30,24/08/2013 14:30,0.586862532,157.4904478,,0.169253476,-0.879757187,,0.652144003,-1.079150921,0.89589031
24/08/2013 07:00,24/08/2013 15:00,0.900405312,157.838357,,0.202996958,-0.957718326,,0.824032507,-1.420258764,0.978995483
24/08/2013 07:30,24/08/2013 15:30,1.100620549,158.8967949,,0.213354689,-0.958174907,,0.924462561,-1.658115682,0.981641165
24/08/2013 08:00,24/08/2013 16:00,1.199736122,159.6678181,,0.205755808,-0.905880614,,0.932373933,-1.770508343,0.928953788
24/08/2013 08:30,24/08/2013 16:30,1.21882382,160.0181527,,0.186271881,-0.815322154,,0.861687421,-1.763094773,0.836329737
24/08/2013 09:00,24/08/2013 17:00,1.170677946,160.0943451,,0.15856629,-0.691822838,,0.735466709,-1.651828742,0.709762008
24/08/2013 09:30,24/08/2013 17:30,1.066741832,160.1178584,,0.12395848,-0.534763764,,0.570305315,-1.453217171,0.548942609
24/08/2013 10:00,24/08/2013 18:00,0.915930462,160.2792839,,0.081383531,-0.341042714,,0.372638664,-1.186295821,0.350618613
24/08/2013 10:30,24/08/2013 18:30,0.72229903,161.0523257,,0.016616388,-0.11251569,,0.14005355,-0.873414423,0.113736031
24/08/2013 11:00,24/08/2013 19:00,0.485529582,164.4261172,,-0.075319038,0.138047336,,-0.637565576,0,0.157257828
24/08/2013 11:30,24/08/2013 19:30,0.213002858,184.8271773,,-0.151120155,0.379307606,,-0.467218682,0,0.408303271
24/08/2013 12:00,24/08/2013 20:00,0.196117701,266.3967769,,-0.21160763,0.581824562,,-0.422025932,0.391974533,0.619110337
24/08/2013 12:30,24/08/2013 20:30,0.531924573,328.4721203,,-0.264220969,0.732583194,,-0.51697864,0.932497002,0.778775229
24/08/2013 13:00,24/08/2013 21:00,0.817825533,331.7004174,,-0.30504943,0.832460219,,-0.681266597,1.311648175,0.886591885
24/08/2013 13:30,24/08/2013 21:30,1.016453536,332.1163659,,-0.329715712,0.885145383,,-0.813845333,1.523392884,0.944560639
24/08/2013 14:00,24/08/2013 22:00,1.128018998,331.8769456,,-0.336793859,0.893762768,,-0.883648122,1.636446598,0.9551136
24/08/2013 14:30,24/08/2013 22:30,1.162711825,331.483283,,-0.32661496,0.860639299,,-0.891819966,1.666306426,0.920531007
24/08/2013 15:00,24/08/2013 23:00,1.131143996,331.148202,,-0.300436138,0.787764188,,-0.844266501,1.608142172,0.843109891
24/08/2013 15:30,24/08/2013 23:30,1.043045436,330.7641283,,-0.260165994,0.676876538,,-0.747095598,1.464034323,0.725153909
24/08/2013 16:00,25/08/2013 00:00,0.90748676,330.3237182,,-0.208187407,0.528482591,,-0.605860434,1.243526508,0.568010427
24/08/2013 16:30,25/08/2013 00:30,0.731700327,329.594543,,-0.147412221,0.339079731,,-0.42370876,0.956133382,0.36973697
24/08/2013 17:00,25/08/2013 01:00,0.518916103,327.7427582,,-0.080215851,0.095484903,,-0.201483036,0.603444486,0.124707456
24/08/2013 17:30,25/08/2013 01:30,0.266611857,320.8527496,,0.000851727,-0.209719858,,0.05725266,0.180452641,0.209721588
24/08/2013 18:00,25/08/2013 02:00,0.064163847,208.2941251,,0.07410213,-0.523979803,,0.327789381,-0.328175936,0.529193688
24/08/2013 18:30,25/08/2013 02:30,0.378292531,158.874709,,0.134466622,-0.767891135,,0.522601197,-0.794176917,0.779575569
24/08/2013 19:00,25/08/2013 03:00,0.726120205,157.4682493,,0.180969944,-0.905092271,,0.699903882,-1.1753953,0.923007118
24/08/2013 19:30,25/08/2013 03:30,0.992621687,158.3677543,,0.205436769,-0.948791915,,0.847790296,-1.476447583,0.970778226
24/08/2013 20:00,25/08/2013 04:00,1.147155418,159.3529748,,0.208432806,-0.925896421,,0.917264308,-1.668546968,0.94906713
24/08/2013 20:30,25/08/2013 04:30,1.211502356,159.927714,,0.195938519,-0.857305638,,0.899400347,-1.738798551,0.879411656
24/08/2013 21:00,25/08/2013 05:00,1.202700019,160.1478908,,0.173241584,-0.753982151,,0.812285511,-1.697609647,0.773628935
24/08/2013 21:30,25/08/2013 05:30,1.132836859,160.1847472,,0.143227993,-0.619122387,,0.677493755,-1.561614263,0.635473672
24/08/2013 22:00,25/08/2013 06:00,1.012908352,160.2069813,,0.106697168,-0.451319149,,0.509100015,-1.34796704,0.463759917
24/08/2013 22:30,25/08/2013 06:30,0.850491678,160.4541156,,0.060963591,-0.249031622,,0.311688152,-1.076588852,0.256385078
24/08/2013 23:00,25/08/2013 07:00,0.648700692,161.5441324,,-0.032258668,0,,0.082799424,-0.768706202,0.032258668
24/08/2013 23:30,25/08/2013 07:30,0.408069682,166.6117789,,-0.100330679,0.222118349,,-0.579475206,0,0.243726909
25/08/2013 00:00,25/08/2013 08:00,0.147658156,199.9979985,,-0.166515317,0.440754471,,-0.375847689,0,0.471160115
